{
  "r40i": [
    [-15.4476752, -70.1913903],
    [-15.448699, -70.1908002],
    [-15.4491747, -70.19065],
    [-15.4495987, -70.1907573],
    [-15.4499813, -70.1910148],
    [-15.4505087, -70.1915512],
    [-15.4507349, -70.191589],
    [-15.4509572, -70.1915192],
    [-15.4532478, -70.1901191],
    [-15.4573324, -70.1889604],
    [-15.458108, -70.1883703],
    [-15.4612826, -70.1839715],
    [-15.4668871, -70.1763326],
    [-15.4851679, -70.1535445],
    [-15.4867808, -70.1514095],
    [-15.4869773, -70.1507872],
    [-15.4914748, -70.1441354],
    [-15.4912047, -70.143678],
    [-15.4906509, -70.1430363],
    [-15.4908962, -70.1419591],
    [-15.4913393, -70.1395805],
    [-15.4918444, -70.1366332],
    [-15.4920726, -70.1356119],
    [-15.4921766, -70.1348644],
    [-15.4923478, -70.1339932],
    [-15.4925265, -70.133429],
    [-15.4934392, -70.1330578],
    [-15.4946386, -70.1325916],
    [-15.4942613, -70.1316367],
    [-15.4939873, -70.1307838],
    [-15.493672, -70.1299415],
    [-15.4929534, -70.1280264],
    [-15.4922245, -70.1260684],
    [-15.4918316, -70.1249795],
    [-15.4907138, -70.1221131],
    [-15.4870847, -70.1235936],
    [-15.4827887, -70.1251601],
    [-15.4817883, -70.1255892],
    [-15.4809987, -70.1261632],
    [-15.4805841, -70.1266983],
    [-15.4802936, -70.1274051],
    [-15.4801587, -70.1280481],
    [-15.4801479, -70.1286054],
    [-15.4773544, -70.1267687],
    [-15.4699772, -70.1219464],
    [-15.4683491, -70.1208149]
  ],
  "r40v": [
    [-15.4683491, -70.1208149],
    [-15.4801479, -70.1286054],
    [-15.4804294, -70.1288547],
    [-15.480384, -70.1279843],
    [-15.4805074, -70.1274404],
    [-15.4808353, -70.1267648],
    [-15.4811699, -70.1263304],
    [-15.481849, -70.125841],
    [-15.4899818, -70.122713],
    [-15.490653, -70.1244038],
    [-15.4914087, -70.1264924],
    [-15.4924172, -70.1293552],
    [-15.4932563, -70.1320021],
    [-15.4932446, -70.1321374],
    [-15.4932162, -70.1323801],
    [-15.4924178, -70.1326833],
    [-15.4915325, -70.1330374],
    [-15.4918116, -70.1336569],
    [-15.4917961, -70.1339064],
    [-15.4914808, -70.1346574],
    [-15.491336, -70.1354272],
    [-15.4911344, -70.1364706],
    [-15.4909018, -70.1377527],
    [-15.4907286, -70.1385842],
    [-15.4922433, -70.1388658],
    [-15.4920727, -70.1398448],
    [-15.4918685, -70.1410303],
    [-15.4916953, -70.1420979],
    [-15.491504, -70.1430983],
    [-15.4913722, -70.1437635],
    [-15.4913851, -70.1439969],
    [-15.4912637, -70.1440961],
    [-15.4912921, -70.1442731],
    [-15.4913309, -70.1443643],
    [-15.4908708, -70.1450671],
    [-15.4901367, -70.1461614],
    [-15.4895991, -70.1469312],
    [-15.4883661, -70.148739],
    [-15.4869773, -70.1507872],
    [-15.4867739, -70.1513622],
    [-15.4867144, -70.1515446],
    [-15.4856546, -70.152934],
    [-15.4840934, -70.1548544],
    [-15.4819376, -70.1575635],
    [-15.4780396, -70.1625792],
    [-15.4634936, -70.18077],
    [-15.4578683, -70.1887093],
    [-15.4546006, -70.1897822],
    [-15.4532478, -70.1901191],
    [-15.4505087, -70.1915512],
    [-15.4495987, -70.1907573],
    [-15.448699, -70.1908002],
    [-15.4473205, -70.1915846]
  ]
}